1TPGV4BX1FJJH04AAS,11/14/2023 6:01
M1GB9H9S01VE7M0G,11/14/2023 6:01
1TPJJ1KX1FGGNPRAAB,11/14/2023 6:01
1TP1SJ1X1G8MNB7AA9,11/14/2023 6:01
1TPFM2IX1BCEAS3AFC,11/14/2023 6:06
1TORDB4X1GABC6TAFW,11/14/2023 6:06
1TPF47DX1G6SHRHAF9,11/14/2023 6:07
1TP514PX1983ABBAMP,11/14/2023 6:10
1TPGLSSX1G8F804AF9,11/14/2023 6:10
1TPGV4BX1FJJH04AAS,11/14/2023 6:12
1TPE6RAX1FSKCQ8AA8,11/14/2023 6:12
1TPIFQ2X1DVU2PAAAS,11/14/2023 6:13
1TPETQ0X14QTPHNAAJ,11/14/2023 6:13
1TPKS7KX16G10F8AFH,11/14/2023 6:13
1TPIVNRX1G9KHLIAAC,11/14/2023 6:13
1TPENVKX1DTBINPNF4,11/14/2023 6:14
1TOU5HKX161A8PCAFR,11/14/2023 6:15
1TP5QNUX1GANDHOAFG,11/14/2023 6:15
1TPJPFKX1BBEEOJAFG,11/14/2023 6:15
1TP6D7VX1FSC7QOAFD,11/14/2023 6:15
1TPD3AUX1GB44L9AFJ,11/14/2023 6:15
1TP730UX0VCH7SQAAJ,11/14/2023 6:18
1TP8QGQX1G2HKO2AAV,11/14/2023 6:18
1TP88Q5X16M56MLAA5,11/14/2023 6:18
1TP3G9VX1FLIVVENFD,11/14/2023 6:19
1TP9OBCX1G5B4PUNFC,11/14/2023 6:21
1TPJSIDX1G38PA6AFK,11/14/2023 6:21
1TPBNIKX1G38Q84AFD,11/14/2023 6:22
1TPG0LUX150QBEVAFO,11/14/2023 6:24
1TP30ORX1G6DM5HAST,11/14/2023 6:24
1TP5E75X1FTN00PAS0,11/14/2023 6:27
1TPC8R8X1G9AR7VNFC,11/14/2023 6:28
1TOVLE3X1GCE47RASG,11/14/2023 6:29
1TP843BX18JDBE0ASS,11/14/2023 6:29
1TORRQSX1G5M380ASE,11/14/2023 6:30
1TP4RKRX1G9ANN5AFE,11/14/2023 6:31
1TOP9NKX1GA0539AAN,11/14/2023 6:31
1TORA2QX1GBHF24AFL,11/14/2023 6:31
1TPBMJJX1G2DV2JAF1,11/14/2023 6:31
1TP9CCDX1GCGQDNAFO,11/14/2023 6:31
1TP5UN5X1G901C1AFY,11/14/2023 6:31
1TOQCKTX1G5GMH6VAT,11/14/2023 6:32
1TPEPI4X19L3DOVAAO,11/14/2023 6:32
1TP7CD6X1G8KVIQAF9,11/14/2023 6:33
1TP0T7SX1DAMDMQNFV,11/14/2023 6:33
1TPE4DKX1FR4AH0AFB,11/14/2023 6:34
1TPBBRFX1EQTSL8AA9,11/14/2023 6:34
1TOQ3H2X1G0HA5TAFJ,11/14/2023 6:34
1TP0E3PX1GBP0DJAAJ,11/14/2023 6:34
1TOV5PQX1GCER40AF4,11/14/2023 6:34
1TOS47VX15GJAOFAAN,11/14/2023 6:35
1TOR5VFX1GAOC72AAG,11/14/2023 6:35
1TOREDBX16N915MAA4,11/14/2023 6:35
1TOV9MNX1G8B55OAAE,11/14/2023 6:35
1TPFP05X1G7R9L4AAP,11/14/2023 6:35
1TPI729X1G48R05AF8,11/14/2023 6:35
1TOUNI2X10C8IDBAAB,11/14/2023 6:35
1TOQCKTX1G5GMH6VAT,11/14/2023 6:36
1TPKBD6X1G6DSKTAA0,11/14/2023 6:36
1TPH8EDX1G6L8J1ASV,11/14/2023 6:36
1TOUBJTX1G85E79AAX,11/14/2023 6:37
1TPA58OX1G97PVKVAK,11/14/2023 6:37
1TOTBEPX1G9N6SDAFC,11/14/2023 6:37
1TOV3RFX1GA3Q2QAA5,11/14/2023 6:38
1TP7SCAX1FPCSM5AFL,11/14/2023 6:38
1TP04QUX1G4I5RPAAV,11/14/2023 6:38
1TP1M16X1G447IPAA1,11/14/2023 6:38
1TPAJEHX1GARPDHAFJ,11/14/2023 6:38
1TPFEOJX1GB6BC5AM3,11/14/2023 6:38
1TPHBTLX1BEOE4AAAO,11/14/2023 6:39
1TP3LCMX1FRVA1PAFU,11/14/2023 6:39
1TPBF8FX1G5CACEAAV,11/14/2023 6:40
1TP219SX1G7D162VMP,11/14/2023 6:40
1TPE9ROX1CSEAPLAFJ,11/14/2023 6:41
1TPBBRFX1EQTSL8AA9,11/14/2023 6:41
1TP0E3PX1GBP0DJAAJ,11/14/2023 6:41
1TOTS4DX15JP54FNF2,11/14/2023 6:41
1TOTFORX1FIALSKNF3,11/14/2023 6:41
1TORO7EX1G5M1D8NA1,11/14/2023 6:41
1TONBNPX1G8CQ4LAFT,11/14/2023 6:42
1TPDPUVX1G7DE4VAAG,11/14/2023 6:42
1TON5J3X1G8F55ENAU,11/14/2023 6:42
1TPJJ1KX1FGGNPRAAB,11/14/2023 6:42
1TPHH7UX1FJ307UAA2,11/14/2023 6:42
1TP1SJ1X1G8MNB7AA9,11/14/2023 6:43
1TP7QG0X1GBL38BAAH,11/14/2023 6:43
1TPJB5PX1FUSAG3AAJ,11/14/2023 6:43
1TP82P9X1FQA6GEAA9,11/14/2023 6:43
1TPB98IX1G9O363AA9,11/14/2023 6:43
1TPAV8OX1FUFUK5AAJ,11/14/2023 6:43
1TPIMKIX15TBBCOAM9,11/14/2023 6:44
1TPF8VHX1FT5M6DAMF,11/14/2023 6:44
1TPJIQAX1G4IGHONFE,11/14/2023 6:45
1TOTBRGX0U2BJEKAFT,11/14/2023 6:45
1TPHBTLX1BEOE4AAAO,11/14/2023 6:45
1TOR2C3X1GD7RGJAFA,11/14/2023 6:46
1TP56J9X1G5E623AFE,11/14/2023 6:46
1TOPKMCX1FS9TRVAFU,11/14/2023 6:46
1TOQ6MNX1GA1V4JAMC,11/14/2023 6:46
1TP219SX1G7D162VMP,11/14/2023 6:46
1TPJPDPX165P6V2AFL,11/14/2023 6:47
1TOTMOOX1DOISTCNFL,11/14/2023 6:47
1TPJO3JX1G8Q9O5AF9,11/14/2023 6:47
1TP0UO8X1G406JIAFJ,11/14/2023 6:48
1TOO7BTX1FKT6QUAFD,11/14/2023 6:48
1TP6K2UX1FLD71AAFB,11/14/2023 6:48
1TPBB3SX1G9GP87AF8,11/14/2023 6:49
1TP1B87X1DRAK8BAFT,11/14/2023 6:49
1TPH74LX1G4JI47NF2,11/14/2023 6:50
1TOUE3LX165B40UAS6,11/14/2023 6:50
1TOUQ9PX1GAUC7SAFF,11/14/2023 6:50
1TPK5K3X1GBUJQHAFY,11/14/2023 6:51
1TPA3N7X1G9DQACAFF,11/14/2023 6:51
1TP1B2SX1G9A22JAMT,11/14/2023 6:51
1TOQ6ESX151TKR6AF8,11/14/2023 6:52
1TOTIGQX1G7Q6VQAFN,11/14/2023 6:52
1TPD2PPX1GAGSM4AFH,11/14/2023 6:52
1TP7F5RX1G31BPBAF9,11/14/2023 6:52
1TP0TEIX1G38NURAF6,11/14/2023 6:52
1TP1AAIX1FN74BJAAV,11/14/2023 6:52
1TP0UTRX1G0FUO5AAP,11/14/2023 6:53
1TPB00DX1BC36VKAAS,11/14/2023 6:53
1TONECHX1FQMHMFNA4,11/14/2023 6:53
1TP4T5BX10IH4UJAAH,11/14/2023 6:53
1TOS94VX1FT0LV6AA4,11/14/2023 6:53
1TOV76EX1G8R3M2AMM,11/14/2023 6:53
1TPCEK5X1GAR9AUASJ,11/14/2023 6:53
1TOQ2O9X15QT815ASY,11/14/2023 6:53
1TPBRT5X1G50ISHAS4,11/14/2023 6:53
1TPCDMAX1G3Q2Q3AFH,11/14/2023 6:54
1TOTT02X1FVPFCIAFM,11/14/2023 6:54
1TP6O7HX1ERL682AFM,11/14/2023 6:54
1TP0591X1G8AOLOAM1,11/14/2023 6:54
1TPF1IVX1G3TLJLAFC,11/14/2023 6:55
1TOU5HKX161A8PCAFR,11/14/2023 6:55
1TP5OR1X11HTBLPAF8,11/14/2023 6:55
1TOTQLDX1G9DHI7AF6,11/14/2023 6:55
1TP3P6JX1FTP9QUAFO,11/14/2023 6:55
1TOP4QMX1FLF93LAA2,11/14/2023 6:55
1TP4IRSX1CT7NT6VAG,11/14/2023 6:56
1TOUUPRX1GA7RNFAF1,11/14/2023 6:56
1TOQPEGX1G1DL43AFJ,11/14/2023 6:56
1TPA5DFX1GAHK61AFL,11/14/2023 6:56
1TP5RVTX1GBITJ8AFI,11/14/2023 6:56
1TP7972X1G6JOGKAFE,11/14/2023 6:57
1TP8MOIX1G5CIL1AFU,11/14/2023 6:57
1TONSV5X1GCVRV0AF3,11/14/2023 6:57
1TOUNI8X1GAPEGUAFQ,11/14/2023 6:57
1TPJPDPX165P6V2AFL,11/14/2023 6:57
1TORHJGX1G436U4AFC,11/14/2023 6:57
1TPBK8NX1G8SJHJAF9,11/14/2023 6:57
1TOPF45X15QFUHPAF7,11/14/2023 6:57
1TOTJK6X1G71TKSAFP,11/14/2023 6:57
1TPKR28X1G6PHRJAFR,11/14/2023 6:57
1TOUK4GX1G4NFK3NFW,11/14/2023 6:58
1TP1AAIX1FN74BJAAV,11/14/2023 6:58
1TP0UTRX1G0FUO5AAP,11/14/2023 6:58
1TOOM1JX1G7CSM2AMZ,11/14/2023 6:58
1TP1QR2X1G6SMGEAA0,11/14/2023 6:59
1TP43RBX1688TVAAFW,11/14/2023 6:59
1TPC0T2X160362CAFS,11/14/2023 6:59
1TOPUSAX1GB4824ASD,11/14/2023 6:59
1TP648KX1GA2NULAFE,11/14/2023 6:59
1TORA2FX1GA3V1FAFA,11/14/2023 6:59
1TOPNBNX1G49060AFD,11/14/2023 6:59
1TP7NSSX1G4GRK9ASM,11/14/2023 7:00
1TP8TAGX1GAK5OVAS4,11/14/2023 7:00
1TPDM10X162LHRQAFZ,11/14/2023 7:00
1TOS6VLX1G4UMEJAFX,11/14/2023 7:00
1TPKDUGX112OJJLAF7,11/14/2023 7:00
1TPEF58X16DOG6NAF8,11/14/2023 7:00
1TPF7H6X151C7L0AAI,11/14/2023 7:00
1TP5RVTX1GBITJ8AFI,11/14/2023 7:00
1TPKB9QX1GAINE9AF0,11/14/2023 7:00
1TOR0K3X15C50CHAFB,11/14/2023 7:00
1TP717AX1G20CN3AML,11/14/2023 7:01
1TPJTA7X1GB6DE1AMV,11/14/2023 7:01
1TPC5VOX19B7LOOAF0,11/14/2023 7:02
1TOV0F4X1G82A0GAFF,11/14/2023 7:02
1TON2K5X18KO0S0AMW,11/14/2023 7:02
1TPCMI1X1FK50F9AFY,11/14/2023 7:02
1TOP8KBX1FADDTQAFQ,11/14/2023 7:02
1TP0R7OX1GB7DKUAFS,11/14/2023 7:02
1TP5GURX1G9GCIJAF8,11/14/2023 7:03
1TPFRH6X1G9FHOGAFD,11/14/2023 7:03
1TOU54IX1G1IAK3AM0,11/14/2023 7:03
1TPKLQMX1G8RD1EAF5,11/14/2023 7:03
1TOSD0PX1DOG83RAFZ,11/14/2023 7:03
1TPD6JLX1G83T2CAFF,11/14/2023 7:03
1TP1G4SX1G2GGCGAF9,11/14/2023 7:03
1TPBN9AX1G89VA5AME,11/14/2023 7:03
1TP30T9X1GA8UVVNFA,11/14/2023 7:04
1TP1MFVX1G8UUQ6AML,11/14/2023 7:04
1TP245AX1G2U8T7AMP,11/14/2023 7:04
1TP7F5RX1G31BPBAF9,11/14/2023 7:04
1TP0ATPX14RQG6EAFI,11/14/2023 7:04
1TPGGOAX19HTE2IAFX,11/14/2023 7:04
1TP4VQTX1G91NBJVMO,11/14/2023 7:04
1TP2V8PX1FIVN34AFL,11/14/2023 7:04
1TOO61KX1G80I4UAFA,11/14/2023 7:04
1TOQ2QQX1CR71D3AAX,11/14/2023 7:05
1TONBNPX1G8CQ4LAFT,11/14/2023 7:05
1TOQ8RPX1E3J2OJAM4,11/14/2023 7:05
1TOT5EVX15PHVFQAMZ,11/14/2023 7:05
1TPC18IX11NK1GKAFJ,11/14/2023 7:06
1TPAQ22X1G7B2EMAF0,11/14/2023 7:06
1TPDV9VX1GA90VOAFJ,11/14/2023 7:06
1TOPLD3X1G30CA1AME,11/14/2023 7:06
1TP0NFFX1G7C522AME,11/14/2023 7:06
1TP0TEIX1G38NURAF6,11/14/2023 7:06
1TPC1GEX1FB2C3HAF3,11/14/2023 7:07
1TPHO84X1G5D9GCAFH,11/14/2023 7:07
1TOTO6MX1FVMUERAMK,11/14/2023 7:07
1TP0HVGX1650LF6AMW,11/14/2023 7:07
1TP7I0AX16FQJHPAFQ,11/14/2023 7:07
1TP0HVGX1650LF6AMW,11/14/2023 7:08
1TOQURSX1G8T94QAMG,11/14/2023 7:08
1TP6JV0X16NCAQMVF1,11/14/2023 7:08
1TPAGC0X1DKL7IJAF8,11/14/2023 7:08
1TPEGBLX1G4HKNSNFX,11/14/2023 7:08
1TP18ABX15AJ9CSAMI,11/14/2023 7:08
1TPJE5RX1G6VML0AMR,11/14/2023 7:08
1TP41OCX1G62585AMK,11/14/2023 7:09
1TOVDN2X1G8F1ORAFL,11/14/2023 7:09
1TOPF45X15QFUHPAF7,11/14/2023 7:09
1TP926IX1G44AG0NF5,11/14/2023 7:09
1TPBK8NX1G8SJHJAF9,11/14/2023 7:09
1TP66JMX1GASU4DAM8,11/14/2023 7:09
1TP9J39X1FSSRP1AMO,11/14/2023 7:10
1TOUK4GX1G4NFK3NFW,11/14/2023 7:10
1TPKI25X15C0DK0NFK,11/14/2023 7:10
1TP598LX1FGFKPEAMP,11/14/2023 7:10
1TP8L0HX15JLU80AMW,11/14/2023 7:10
1TPL210X1G3D7DIVFB,11/14/2023 7:10
1TP3IFSX1G6L82FNFX,11/14/2023 7:10
1TOU2ISX1G7NLICVFN,11/14/2023 7:10
1TONBUSX15B6NN7AF3,11/14/2023 7:10
1TOT92AX15RNI5SAFI,11/14/2023 7:10
1TPC1GEX1FB2C3HAF3,11/14/2023 7:10
1TPIVEGX1GAF69LAMT,11/14/2023 7:10
1TOQ197X1FQIGJHAMZ,11/14/2023 7:11
1TPC8R8X1G9AR7VNFC,11/14/2023 7:11
1TP5VQ0X160LIB7NF9,11/14/2023 7:11
1TPK6F8X1FGDEELAMZ,11/14/2023 7:11
1TOT0FHX1FTM3RJAMS,11/14/2023 7:11
1TP00U4X1GA20MJAMP,11/14/2023 7:11
1TOVTM0X1FI0LQ5AM3,11/14/2023 7:11
1TP47UGX1G9S24SAMD,11/14/2023 7:11
1TOUVS2X1EH4PVBAFC,11/14/2023 7:11
1TP32PLX1G45RO6AMU,11/14/2023 7:11
1TOTT02X1FVPFCIAFM,11/14/2023 7:11
1TP0TFRX1G0OAEPAF1,11/14/2023 7:11
1TP6O7HX1ERL682AFM,11/14/2023 7:12
1TP4681X1GC0U43AFQ,11/14/2023 7:12
1TORA2FX1GA3V1FAFA,11/14/2023 7:12
1TPIQOUX193G7DAAFL,11/14/2023 7:12
1TPI0BFX1GA14TAAM4,11/14/2023 7:12
1TORHQ3X1FV76CTAMX,11/14/2023 7:12
1TP2P19X1G788I6AF3,11/14/2023 7:12
1TPD1FUX1G6NBC4ASN,11/14/2023 7:12
1TP8F9PX1GBK35QAFF,11/14/2023 7:12
1TP7RLUX12V8LR3ASG,11/14/2023 7:12
1TOSIR9X1G9K7S4ASZ,11/14/2023 7:12
1TORC83X1GAN0B8AFH,11/14/2023 7:12
1TORAOEX1GA39KNAFP,11/14/2023 7:12
1TOV5SCX1GAJQC3ASD,11/14/2023 7:12
1TOU54IX1G1IAK3AM0,11/14/2023 7:13
1TOVL7KX1G6OA3RAM1,11/14/2023 7:13
1TOVUB5X1GB9L6PAFM,11/14/2023 7:13
1TP2NSHX1G8RTPCAFW,11/14/2023 7:13
1TP0HVAX1G5LVT9AF7,11/14/2023 7:13
1TOTUU2X1GCCSM9AF2,11/14/2023 7:13
1TP1E1JX1G1TVTGAFC,11/14/2023 7:13
1TP8LNHX1G65NDUAMQ,11/14/2023 7:13
1TP3IFSX1G6L82FNFX,11/14/2023 7:13
1TOU2ISX1G7NLICVFN,11/14/2023 7:13
1TPE6I9X1G54SKCAFU,11/14/2023 7:14
1TP2L67X1G9JBRQAMX,11/14/2023 7:14
1TP782QX1FKSRKBAFE,11/14/2023 7:14
1TPDNSBX0VE259QAFU,11/14/2023 7:14
1TPHO40X10GNDJ1AF3,11/14/2023 7:14
1TP514PX1983ABBAMP,11/14/2023 7:14
1TONCV6X1G46H9DAFE,11/14/2023 7:14
1TOQ1UCX1GC4NO8ASO,11/14/2023 7:14
1TPKFIMX1GB0SOGAF2,11/14/2023 7:14
1TPCUN4X1FNOVN4AMQ,11/14/2023 7:15
1TP2L67X1G9JBRQAMX,11/14/2023 7:15
1TP926IX1G44AG0NF5,11/14/2023 7:15
1TORHQ3X1FV76CTAMX,11/14/2023 7:15
1TP3ENIX1G97K23AAE,11/14/2023 7:15
1TOQJOHX1FQBHTIAF6,11/14/2023 7:15
1TPIAI8X1G1128UAFA,11/14/2023 7:15
1TOSI0CX1GBE773AF3,11/14/2023 7:15
1TPAS85X1GAPE0SAF0,11/14/2023 7:15
1TP9B7DX1FM1EHDAFW,11/14/2023 7:16
1TPHJ4PX1G9MPIAAF8,11/14/2023 7:16
1TP4BC4X1G8U2M4AME,11/14/2023 7:16
1TPAFS7X1G0LKGVNFP,11/14/2023 7:16
1TP2T8PX1FTO15OAMH,11/14/2023 7:16
1TPACGTX1G9FPB0VMQ,11/14/2023 7:16
1TOTHI6X15V0HH7AFO,11/14/2023 7:17
1TOTHI6X15V0HH7AFO,11/14/2023 7:17
1TPDSHJX1FTME8KAMS,11/14/2023 7:17
1TOO55AX1DN7J1PAF5,11/14/2023 7:18
1TPIS1SX1G1ENOVAFH,11/14/2023 7:18
1TOR9KKX1GAPAEFAFJ,11/14/2023 7:18
1TPD2FCX1G9T7QUAM9,11/14/2023 7:18
1TP3VVKX1GA1UR2AMU,11/14/2023 7:19
1TPKPRPX1G6GR45AMM,11/14/2023 7:19
1TP843VX1G8SF3AAMW,11/14/2023 7:19
1TP2F2NX1G596R2AF9,11/14/2023 7:19
1TPH25LX1G92KHUAFK,11/14/2023 7:19
1TP5AOJX164FGDJAME,11/14/2023 7:20
1TPII6DX1E3KQN2AAM,11/14/2023 7:20
1TORC83X1GAN0B8AFH,11/14/2023 7:21
1TPG4KLX1GB03MNAFA,11/14/2023 7:22
1TORLQVX1612CM9AFT,11/14/2023 7:22
1TP2NCRX1G6RGC7AFI,11/14/2023 7:22
1TPAFDCX1FDUBDQNF9,11/14/2023 7:22
1TPFGDEX1FMG0V5AFF,11/14/2023 7:22
1TOTP0QX15FHTVKAFN,11/14/2023 7:22
1TPFLMOX1E04ULUAFP,11/14/2023 7:22
1TP7O3HX1D3RSA3AFE,11/14/2023 7:22
1TOQ1P3X1G99RFMAFS,11/14/2023 7:22
1TP0H1LX1G15890AFI,11/14/2023 7:22
1TPGIQJX1GAIB9SAFF,11/14/2023 7:22
1TPC47NX1G7R7HTAFT,11/14/2023 7:22
1TP9B7DX1FM1EHDAFW,11/14/2023 7:23
1TPHJ4PX1G9MPIAAF8,11/14/2023 7:23
1TPGC1HX1G6SNTTAAK,11/14/2023 7:24
1TPCLR9X1G69O34VAZ,11/14/2023 7:24
1TP2VVBX1G60H1DAAO,11/14/2023 7:24
1TORE9GX1G6AFOEAFA,11/14/2023 7:24
1TP0970X1G4OC68AFS,11/14/2023 7:24
1TP80EVX1FVKIG7AAZ,11/14/2023 7:24
1TOPAIGX1G2QM3ENFP,11/14/2023 7:24
1TP7FHVX1FQ65MTNAU,11/14/2023 7:24
1TORDUJX1G2ND48VF5,11/14/2023 7:24
1TPCI4EX0UK64FMAFI,11/14/2023 7:26
1TPBSCTX1FTMP9INF8,11/14/2023 7:27
1TP0L2SX1FSNSVSAFY,11/14/2023 7:27
1TPIJ0VX1FLD93CAAH,11/14/2023 7:27
1TPDMDQX160QSA0AAY,11/14/2023 7:27
1TP8692X1FV2FKHAAL,11/14/2023 7:28
1TPGDU4X10H6LV5AAQ,11/14/2023 7:28
1TPKOI9X1G0LC2EAAR,11/14/2023 7:28
1TP18PKX1G1PRM3AFX,11/14/2023 7:28
1TP3BK4X1G5R21PNF2,11/14/2023 7:28
1TP3P6VX1G806HLAF2,11/14/2023 7:28
1TOPSEFX1G4ML0JAA1,11/14/2023 7:30
1TPGJVGX1FSDDPQAF3,11/14/2023 7:30
1TOTP0QX15FHTVKAFN,11/14/2023 7:30
1TOTM1EX1GAOFNGAAM,11/14/2023 7:30
1TPIBQCX1GBNQDJAA2,11/14/2023 7:30
1TP0ADFX1FRHRDFAFI,11/14/2023 7:30
1TP48M0X1G0EMBOAFN,11/14/2023 7:30
1TORIAQX1FKVD0QAFP,11/14/2023 7:31
1TPF8KKX1FV72E5AAX,11/14/2023 7:31
1TON7VDX1GAD2B6AF3,11/14/2023 7:31
1TPJ21RX1G4PQ5BAFU,11/14/2023 7:31
1TOUVEDX16BJMN8AFC,11/14/2023 7:31
1TPGQHHX1G8JRFSAFP,11/14/2023 7:32
1TONHO4X1GADP9KAFF,11/14/2023 7:32
1TP60F0X1G9US9AAM0,11/14/2023 7:32
1TP6NLOX1G7ASNAAM4,11/14/2023 7:32
1TP767VX1GBVV57AAP,11/14/2023 7:33
1TP6NLOX1G7ASNAAM4,11/14/2023 7:33
1TPCUPEX1G4SLCRAMQ,11/14/2023 7:33
1TPGDU4X10H6LV5AAQ,11/14/2023 7:33
1TP7SQEX1G32FJ4AAH,11/14/2023 7:33
1TP8692X1FV2FKHAAL,11/14/2023 7:34
1TPKOI9X1G0LC2EAAR,11/14/2023 7:34
1TOQDTBX1G9EJ72AA2,11/14/2023 7:34
1TPHA75X1FJ3ONUAFT,11/14/2023 7:34
1TP7D6VX1FJTROAAFD,11/14/2023 7:34
1TP5MDPX1G7EDLQAFP,11/14/2023 7:34
1TP0O9RX15KJKODAFV,11/14/2023 7:34
1TP1RGUX1G867KAAFP,11/14/2023 7:34
1TORHNJX19S4H5IAFK,11/14/2023 7:34
1TP3RPSX1FQQ19TAMG,11/14/2023 7:34
1TON5LAX1FGRLORAMP,11/14/2023 7:34
1TP5EP2X1GCH28PAM5,11/14/2023 7:34
1TP2L67X1G9JBRQAMX,11/14/2023 7:34
1TPBSCTX1FTMP9INF8,11/14/2023 7:35
1TON7VDX1GAD2B6AF3,11/14/2023 7:35
1TP3VF8X1G3HK1SAMZ,11/14/2023 7:35
1TOUJ0MX1G2HE17AM9,11/14/2023 7:35
1TPAA4CX1G92F5DVF3,11/14/2023 7:35
1TPHNSCX1G5M0EKAF5,11/14/2023 7:35
1TPJJ5TX1GAOHOKAFU,11/14/2023 7:35
1TPC6HHX1G3D8LCAAH,11/14/2023 7:35
1TP5AOCX1DM9KTEAAC,11/14/2023 7:35
1TPGJHHX1E73MFNAFI,11/14/2023 7:35
1TOOO91X19AH4V7AF5,11/14/2023 7:35
1TPD3I2X1G6ETHGAA4,11/14/2023 7:35
1TOURJNX1FUUVGEAF0,11/14/2023 7:36
1TOQEFPX1GB4F14AMP,11/14/2023 7:36
1TP767VX1GBVV57AAP,11/14/2023 7:36
1TPKPVEX164FPNLAMU,11/14/2023 7:36
1TOQ8LIX1G7C9LCASI,11/14/2023 7:36
1TPALT1X1A2TBQOAFB,11/14/2023 7:36
1TPKDECX168PS0QAF9,11/14/2023 7:36
1TPBJEGX1GA8IPBASX,11/14/2023 7:37
1TPG0FEX15KPMNDAF7,11/14/2023 7:37
1TPBEIMX1G5955TAMO,11/14/2023 7:37
1TPJSSFX11QCEMSAFF,11/14/2023 7:37
1TOROM3X1G4NNG9AFK,11/14/2023 7:37
1TONHO4X1GADP9KAFF,11/14/2023 7:37
1TPGQHHX1G8JRFSAFP,11/14/2023 7:37
1TOQ0C1X1FT4HA1AA1,11/14/2023 7:38
1TPHJAJX1G088CIAFV,11/14/2023 7:38
1TPII6DX1E3KQN2AAM,11/14/2023 7:38
1TPGKFUX1FV9BA4AFG,11/14/2023 7:38
1TPG6K7X1G0FFACAFP,11/14/2023 7:38
1TP48M0X1G0EMBOAFN,11/14/2023 7:38
1TPBEIMX1G5955TAMO,11/14/2023 7:39
1TOPCO7X1E0PQKIAF7,11/14/2023 7:39
1TP0L2SX1FSNSVSAFY,11/14/2023 7:39
1TOQJJ6X1G3MUIOAFB,11/14/2023 7:39
1TP9OJAX1G0NMCLAFC,11/14/2023 7:39
1TP1E1JX1G1TVTGAFC,11/14/2023 7:39
1TPC45UX1G3DVS8AMQ,11/14/2023 7:39
1TP8BVOX1FV4J9JAF4,11/14/2023 7:39
1TPJ5L1X1G8CP4MAMX,11/14/2023 7:40
1TP4NM6X1G9AOECAMR,11/14/2023 7:40
1TOR844X168EJT0AM1,11/14/2023 7:40
1TOPVL2X1G8PA2MAFQ,11/14/2023 7:40
1TP0SUOX1G5BCNHAA6,11/14/2023 7:40
1TOOHPAX1G5TPNJAAH,11/14/2023 7:40
1TPA4DVX1G5OHQEAA6,11/14/2023 7:40
1TP7UHFX1G5DM0UAAR,11/14/2023 7:40
1TOQIC5X1G6GP1HVM9,11/14/2023 7:40
1TPFQBHX1GDBH8RAAE,11/14/2023 7:40
1TP0970X1G4OC68AFS,11/14/2023 7:40
1TOS2GUX1GBBRVOAMY,11/14/2023 7:40
1TPB0RNX1G2OLG7AAT,11/14/2023 7:40
1TOVL7KX1G6OA3RAM1,11/14/2023 7:40
1TP80EVX1FVKIG7AAZ,11/14/2023 7:40
1TPIAI8X1G1128UAFA,11/14/2023 7:40
1TP2L67X1G9JBRQAMX,11/14/2023 7:41
1TOQRMRX1E6GA4KAF6,11/14/2023 7:41
1TPJJP0X1G04LBSAAS,11/14/2023 7:41
1TOV4VDX1FT85H8AAN,11/14/2023 7:41
1TOQE0IX1G2GLT0AAU,11/14/2023 7:41
1TP0QIUX1G04M8DAAQ,11/14/2023 7:41
1TOT4E8X162OGJTAA1,11/14/2023 7:41
1TOS2GUX1GBBRVOAMY,11/14/2023 7:41
1TP3N5PX1513R4IAFN,11/14/2023 7:41
1TP3VF8X1G3HK1SAMZ,11/14/2023 7:41
1TPKDECX168PS0QAF9,11/14/2023 7:42
1TOP7LIX1DT8ROBAFW,11/14/2023 7:42
1TOUMLRX1FQ3LB3AF8,11/14/2023 7:42
1TP1TV4X1FM98NMAFL,11/14/2023 7:42
1TPKK3KX1G6V5K8AF2,11/14/2023 7:42
1TOSI0CX1GBE773AF3,11/14/2023 7:42
1TPCUPEX1G4SLCRAMQ,11/14/2023 7:42
1TP0SQ4X1FJRK6FAFX,11/14/2023 7:42
1TP7NSJX1DRV8UQAFU,11/14/2023 7:42
1TP8LNHX1G65NDUAMQ,11/14/2023 7:43
1TPA1LQX1G3M05QAMV,11/14/2023 7:43
1TP5AOJX164FGDJAME,11/14/2023 7:43
1TP0O9RX15KJKODAFV,11/14/2023 7:43
1TP5MDPX1G7EDLQAFP,11/14/2023 7:43
1TP7D6VX1FJTROAAFD,11/14/2023 7:43
1TPHA75X1FJ3ONUAFT,11/14/2023 7:43
1TP3RPSX1FQQ19TAMG,11/14/2023 7:44
1TPA353X1GAK391AFD,11/14/2023 7:44
1TP0A9MX1GA8ELBAMT,11/14/2023 7:44
1TP5EP2X1GCH28PAM5,11/14/2023 7:44
1TPJJP0X1G04LBSAAS,11/14/2023 7:44
1TOQE0IX1G2GLT0AAU,11/14/2023 7:44
1TP1LHBX1G5CJKDAF4,11/14/2023 7:45
1TOPVL2X1G8PA2MAFQ,11/14/2023 7:45
1TPIJ0VX1FLD93CAAH,11/14/2023 7:45
1TPB0RNX1G2OLG7AAT,11/14/2023 7:47
1TORB9DX1FTVUH9VA9,11/14/2023 7:47
1TOPLD3X1G30CA1AME,11/14/2023 7:47
1TOQ64PX15PTTQRAAF,11/14/2023 7:48
1TP4NM6X1G9AOECAMR,11/14/2023 7:49
1TP0GURX1GAQIGJAA7,11/14/2023 7:49
1TP8S6VX1G7EBS5VA8,11/14/2023 7:49
1TP7UHFX1G5DM0UAAR,11/14/2023 7:49
1TOP6JUX15OM4UUAA7,11/14/2023 7:50
1TP41HAX161GQMDAAQ,11/14/2023 7:50
1TP0SQ4X1FJRK6FAFX,11/14/2023 7:51
1TPEMQ0X1G40DVOAM9,11/14/2023 7:52
,
